USE NBS_ODSE;

-----------------------------------------------------------------------
-- SHARED CLEANUPS
-----------------------------------------------------------------------
-- Cleanup ODSE
DELETE FROM [dbo].[NBS_case_answer] WHERE [act_uid] = 10009289;
DELETE FROM [dbo].[NBS_act_entity] WHERE [act_uid] = 10009289;
DELETE FROM [dbo].[Participation] WHERE [act_uid] = 10009289;
DELETE FROM [dbo].[Act_id] WHERE [act_uid] = 10009289;
DELETE FROM [dbo].[Public_health_case] WHERE [public_health_case_uid] = 10009289;
DELETE FROM [dbo].[Act] WHERE [act_uid] = 10009289;
DELETE FROM [dbo].[Person_race] WHERE [person_uid] = 10009283;
DELETE FROM [dbo].[Person_name] WHERE [person_uid] IN (10009283, 10009282, 10009284, 10009285);
DELETE FROM [dbo].[Person] WHERE [person_uid] IN (10009283, 10009282, 10009284, 10009285);
DELETE FROM [dbo].[Organization_name] WHERE [organization_uid] IN (10009286, 10009287);
DELETE FROM [dbo].[Organization] WHERE [organization_uid] IN (10009286, 10009287);
DELETE FROM [dbo].[Entity_locator_participation] WHERE [entity_uid] IN (10009283, 10009282, 10009284, 10009285, 10009286, 10009287);
DELETE FROM [dbo].[Postal_locator] WHERE [postal_locator_uid] IN (10009291);
DELETE FROM [dbo].[Tele_locator] WHERE [tele_locator_uid] IN (10009292, 10009293, 10009294, 10009295);
DELETE FROM [dbo].[Entity] WHERE [entity_uid] IN (10009283, 10009282, 10009284, 10009285, 10009286, 10009287);

-- Cleanup Legacy RDB
DELETE FROM RDB.dbo.COVID_CASE_DATAMART WHERE public_health_case_uid = 10009289;
DELETE FROM RDB.dbo.DATAMART_REFRESH_ACTIVITY_LOG WHERE STORED_PROCEDURE_NM = 'SP_COVID_CASE_DATAMART';

-- Cleanup Modern RDB
DELETE FROM RDB_MODERN.DBO.COVID_CASE_DATAMART WHERE public_health_case_uid = 10009289;
DELETE FROM RDB_MODERN.DBO.NRT_INVESTIGATION WHERE PUBLIC_HEALTH_CASE_UID = 10009289;
DELETE FROM RDB_MODERN.DBO.INVESTIGATION WHERE CASE_UID = 10009289;
DELETE FROM RDB_MODERN.DBO.NRT_PATIENT WHERE PATIENT_UID = 10009283;
DELETE FROM RDB_MODERN.DBO.D_PATIENT WHERE PATIENT_UID = 10009283;
DELETE FROM RDB_MODERN.DBO.NRT_PAGE_CASE_ANSWER WHERE ACT_UID = 10009289;
DELETE FROM RDB_MODERN.DBO.NRT_INVESTIGATION_NOTIFICATION WHERE public_health_case_uid = 10009289;
DELETE FROM RDB_MODERN.DBO.NRT_INVESTIGATION_CONFIRMATION WHERE public_health_case_uid = 10009289;
DELETE FROM RDB_MODERN.DBO.D_PROVIDER WHERE PROVIDER_UID IN (10009282, 10009284, 10009285);
DELETE FROM RDB_MODERN.DBO.D_ORGANIZATION WHERE ORGANIZATION_UID IN (10009286, 10009287);

-----------------------------------------------------------------------
-- SECTION 1: SEEDING FOR BOTH LEGACY AND MODERN
-----------------------------------------------------------------------
INSERT INTO [dbo].[Entity] (ENTITY_UID, CLASS_CD) VALUES (10009283, 'PSN');

INSERT INTO [dbo].[Person] (PERSON_UID, ADD_TIME, ADD_USER_ID, AGE_REPORTED, AGE_REPORTED_UNIT_CD, BIRTH_TIME, BIRTH_TIME_CALC, CD, CURR_SEX_CD, DECEASED_IND_CD, LAST_CHG_TIME, LAST_CHG_USER_ID, LOCAL_ID, RECORD_STATUS_CD, RECORD_STATUS_TIME, STATUS_CD, STATUS_TIME, FIRST_NM, LAST_NM, VERSION_CTRL_NBR)
VALUES (10009283, '2026-04-24T23:15:09.073', 10009282, '36', 'Y', '1990-01-01T00:00:00', '1990-01-01T00:00:00', 'PAT', 'M', 'Y', '2030-01-01T00:00:00.000', 10009282, 'PSN10063000GA01', 'ACTIVE', '2026-04-24T23:15:09.073', 'A', '2026-04-24T23:15:09.073', 'Surma', 'Singh', 1);

INSERT INTO [dbo].[Person_name] (PERSON_UID, PERSON_NAME_SEQ, ADD_TIME, ADD_USER_ID, FIRST_NM, LAST_CHG_TIME, LAST_CHG_USER_ID, last_nm, nm_use_cd, record_status_cd, record_status_time, status_cd, status_time)
VALUES (10009283, 1, '2026-04-24T23:15:07.563', 10009282, 'Surma', '2026-04-24T23:15:07.563', 10009282, 'Singh', 'L', 'ACTIVE', '2026-04-24T23:15:07.563', 'A', '2026-04-24T23:15:07.563');

INSERT INTO [dbo].[Act] (ACT_UID, CLASS_CD, MOOD_CD) VALUES (10009289, 'CASE', 'EVN');

INSERT INTO [dbo].[Public_health_case] (PUBLIC_HEALTH_CASE_UID, ACTIVITY_FROM_TIME, ADD_TIME, ADD_USER_ID, CD, CD_DESC_TXT, JURISDICTION_CD, LAST_CHG_TIME, LAST_CHG_USER_ID, LOCAL_ID, MMWR_WEEK, MMWR_YEAR, PROG_AREA_CD, RECORD_STATUS_CD, RECORD_STATUS_TIME, STATUS_CD, SHARED_IND, CASE_CLASS_CD, INVESTIGATION_STATUS_CD, VERSION_CTRL_NBR, RPT_FORM_CMPLT_TIME, HOSPITALIZED_IND_CD, HOSPITALIZED_ADMIN_TIME, OUTCOME_CD, TRANSMISSION_MODE_CD, TXT, DIAGNOSIS_TIME, EFFECTIVE_FROM_TIME, EFFECTIVE_TO_TIME, EFFECTIVE_DURATION_AMT, EFFECTIVE_DURATION_UNIT_CD, PAT_AGE_AT_ONSET, PAT_AGE_AT_ONSET_UNIT_CD, PREGNANT_IND_CD, INV_PRIORITY_CD, DECEASED_TIME, RPT_SOURCE_CD, OUTBREAK_NAME, OUTBREAK_IND)
VALUES (10009289, '2026-04-24T00:00:00', '2026-04-24T23:15:09.197', 10009282, '11065', '2019 Novel Coronavirus', '130001', '2030-01-01T00:00:00.000', 10009282, 'CAS10001000GA01', '16', '2026', 'GCD', 'OPEN', '2026-04-24T23:15:09.197', 'A', 'T', 'C', 'O', 1, '2026-04-10T00:00:00', 'Y', '2026-04-17T00:00:00', 'Y', 'A', 'This is a sample investigation comment.', '2026-04-12T00:00:00', '2026-04-05T00:00:00', '2026-04-20T00:00:00', '15', 'D', '36', 'Y', 'N', '1', '2026-04-24T00:00:00', 'OTH', 'COVID Outbreak 2026', 'Y');

INSERT INTO [dbo].[Participation] (SUBJECT_ENTITY_UID, ACT_UID, TYPE_CD, ACT_CLASS_CD, ADD_TIME, ADD_USER_ID, LAST_CHG_TIME, LAST_CHG_USER_ID, RECORD_STATUS_CD, RECORD_STATUS_TIME, STATUS_CD, STATUS_TIME, SUBJECT_CLASS_CD)
VALUES (10009283, 10009289, 'SubjOfPHC', 'CASE', '2026-04-24T23:15:07.597', 10009282, '2026-04-24T23:15:07.597', 10009282, 'ACTIVE', '2026-04-24T23:15:07.607', 'A', '2026-04-24T23:15:07.607', 'PSN');

-----------------------------------------------------------------------
-- SECTION 2: SEEDING FOR LEGACY ONLY (NBS_ODSE DETAILS + RDB LOG)
-----------------------------------------------------------------------
-- Providers/Orgs for Legacy Joins
INSERT INTO [dbo].[Entity] (ENTITY_UID, CLASS_CD) VALUES (10009282, 'PSN'), (10009284, 'PSN'), (10009285, 'PSN'), (10009286, 'ORG'), (10009287, 'ORG');
INSERT INTO [dbo].[Person] (PERSON_UID, LOCAL_ID, RECORD_STATUS_CD, VERSION_CTRL_NBR, ADD_TIME, ADD_USER_ID)
VALUES (10009282, 'INV1001', 'ACTIVE', 1, GETDATE(), 10009282), (10009284, 'PHY1001', 'ACTIVE', 1, GETDATE(), 10009282), (10009285, 'REP1001', 'ACTIVE', 1, GETDATE(), 10009282);
INSERT INTO [dbo].[Person_name] (PERSON_UID, PERSON_NAME_SEQ, FIRST_NM, LAST_NM, NM_USE_CD, RECORD_STATUS_CD, STATUS_CD, ADD_TIME, ADD_USER_ID, status_time)
VALUES 
(10009282, 1, 'Super', 'User', 'L', 'ACTIVE', 'A', GETDATE(), 10009282, GETDATE()),
(10009284, 1, 'John', 'Physician', 'L', 'ACTIVE', 'A', GETDATE(), 10009282, GETDATE()),
(10009285, 1, 'Jane', 'Reporter', 'L', 'ACTIVE', 'A', GETDATE(), 10009282, GETDATE());

INSERT INTO [dbo].[Organization] (ORGANIZATION_UID, LOCAL_ID, RECORD_STATUS_CD, VERSION_CTRL_NBR, ADD_TIME, ADD_USER_ID)
VALUES (10009286, 'HOSP1001', 'ACTIVE', 1, GETDATE(), 10009282), (10009287, 'AGEN1001', 'ACTIVE', 1, GETDATE(), 10009282);
INSERT INTO [dbo].[Organization_name] (ORGANIZATION_UID, ORGANIZATION_NAME_SEQ, NM_TXT, NM_USE_CD, record_status_cd)
VALUES 
(10009286, 1, 'General Hospital', 'L', 'ACTIVE'),
(10009287, 1, 'Reporting Agency', 'L', 'ACTIVE');

-- Legacy Participations (Using PHC as class code)
INSERT INTO [dbo].[Participation] (SUBJECT_ENTITY_UID, ACT_UID, TYPE_CD, ACT_CLASS_CD, SUBJECT_CLASS_CD, RECORD_STATUS_CD, STATUS_CD, ADD_TIME, ADD_USER_ID)
VALUES 
(10009282, 10009289, 'InvestgrOfPHC', 'PHC', 'PSN', 'ACTIVE', 'A', GETDATE(), 10009282),
(10009284, 10009289, 'PhysicianOfPHC', 'PHC', 'PSN', 'ACTIVE', 'A', GETDATE(), 10009282),
(10009285, 10009289, 'PerAsReporterOfPHC', 'PHC', 'PSN', 'ACTIVE', 'A', GETDATE(), 10009282),
(10009287, 10009289, 'OrgAsReporterOfPHC', 'PHC', 'ORG', 'ACTIVE', 'A', GETDATE(), 10009282),
(10009286, 10009289, 'HospOfADT', 'PHC', 'ORG', 'ACTIVE', 'A', GETDATE(), 10009282);

-- Patient Address/Phone
INSERT INTO [dbo].[Entity_locator_participation] (entity_uid, locator_uid, cd, class_cd, record_status_cd, status_cd, use_cd, version_ctrl_nbr, add_time, add_user_id, last_chg_time, last_chg_user_id, record_status_time, status_time)
VALUES 
(10009283, 10009291, 'H', 'PST', 'ACTIVE', 'A', 'H', 1, GETDATE(), 10009282, GETDATE(), 10009282, GETDATE(), GETDATE()),
(10009283, 10009292, 'PH', 'TELE', 'ACTIVE', 'A', 'H', 1, GETDATE(), 10009282, GETDATE(), 10009282, GETDATE(), GETDATE()),
(10009283, 10009293, 'PH', 'TELE', 'ACTIVE', 'A', 'WP', 1, GETDATE(), 10009282, GETDATE(), 10009282, GETDATE(), GETDATE()),
(10009283, 10009294, 'CP', 'TELE', 'ACTIVE', 'A', 'MC', 1, GETDATE(), 10009282, GETDATE(), 10009282, GETDATE(), GETDATE()),
(10009283, 10009295, 'NET', 'TELE', 'ACTIVE', 'A', 'H', 1, GETDATE(), 10009282, GETDATE(), 10009282, GETDATE(), GETDATE());

INSERT INTO [dbo].[Postal_locator] (postal_locator_uid, city_desc_txt, state_cd, zip_cd, cnty_cd, cntry_cd, street_addr1, record_status_cd, add_time, add_user_id)
VALUES (10009291, 'Atlanta', '13', '30024', '13135', '840', '123 Main St.', 'ACTIVE', GETDATE(), 10009282);

INSERT INTO [dbo].[Tele_locator] (tele_locator_uid, phone_nbr_txt, record_status_cd, add_time, add_user_id)
VALUES 
(10009292, '456-232-3222', 'ACTIVE', GETDATE(), 10009282),
(10009293, '232-322-2222', 'ACTIVE', GETDATE(), 10009282),
(10009294, '232-322-2222', 'ACTIVE', GETDATE(), 10009282);

INSERT INTO [dbo].[Tele_locator] (tele_locator_uid, email_address, record_status_cd, add_time, add_user_id)
VALUES (10009295, 'fdsfs@dsds.com', 'ACTIVE', GETDATE(), 10009282);

-- Act_id
INSERT INTO [dbo].[Act_id] (ACT_UID, ACT_ID_SEQ, TYPE_CD, ROOT_EXTENSION_TXT, ADD_TIME, ADD_USER_ID, RECORD_STATUS_CD, STATUS_CD, STATUS_TIME)
VALUES 
(10009289, 1, 'STATE', 'XYZ1234', GETDATE(), 10009282, 'ACTIVE', 'A', GETDATE()),
(10009289, 2, 'LEGACY', '', GETDATE(), 10009282, 'ACTIVE', 'A', GETDATE());

SET IDENTITY_INSERT [dbo].[NBS_case_answer] ON;
INSERT INTO [dbo].[NBS_case_answer] (act_uid, nbs_case_answer_uid, nbs_question_uid, answer_txt, record_status_cd, answer_group_seq_nbr, add_time, add_user_id, last_chg_time, last_chg_user_id, record_status_time, nbs_question_version_ctrl_nbr)
VALUES 
(10009289, 3241, 10004138, 'Clinical evaluation', 'ACTIVE', 1, GETDATE(), 10009282, GETDATE(), 10009282, GETDATE(), 1),
(10009289, 3242, 10010318, 'SARS-CoV-2 variant B.1.1.7 (501Y.V1)', 'ACTIVE', 1, GETDATE(), 10009282, GETDATE(), 10009282, GETDATE(), 1),
(10009289, 3243, 10006139, 'Yes', 'ACTIVE', 1, GETDATE(), 10009282, GETDATE(), 10009282, GETDATE(), 1),
(10009289, 3244, 10010298, 'No', 'ACTIVE', 1, GETDATE(), 10009282, GETDATE(), 10009282, GETDATE(), 1),
(10009289, 3245, 10004132, 'No', 'ACTIVE', 1, GETDATE(), 10009282, GETDATE(), 10009282, GETDATE(), 1),
(10009289, 3246, 10001159, 'Apartment', 'ACTIVE', 1, GETDATE(), 10009282, GETDATE(), 10009282, GETDATE(), 1),
(10009289, 3247, 10000006, 'Atlanta', 'ACTIVE', 1, GETDATE(), 10009282, GETDATE(), 10009282, GETDATE(), 1),
(10009289, 3250, 10001396, 'No', 'ACTIVE', 1, GETDATE(), 10009282, GETDATE(), 10009282, GETDATE(), 1),
(10009289, 3251, 10004182, 'Normal', 'ACTIVE', 1, GETDATE(), 10009282, GETDATE(), 10009282, GETDATE(), 1),
(10009289, 3252, 10004161, 'No', 'ACTIVE', 1, GETDATE(), 10009282, GETDATE(), 10009282, GETDATE(), 1),
(10009289, 3253, 10004160, 'No', 'ACTIVE', 1, GETDATE(), 10009282, GETDATE(), 10009282, GETDATE(), 1),
(10009289, 3254, 10001390, 'No', 'ACTIVE', 1, GETDATE(), 10009282, GETDATE(), 10009282, GETDATE(), 1),
(10009289, 3255, 10004165, 'No', 'ACTIVE', 1, GETDATE(), 10009282, GETDATE(), 10009282, GETDATE(), 1),
(10009289, 3256, 10004181, 'No', 'ACTIVE', 1, GETDATE(), 10009282, GETDATE(), 10009282, GETDATE(), 1),
(10009289, 3257, 10004164, 'No', 'ACTIVE', 1, GETDATE(), 10009282, GETDATE(), 10009282, GETDATE(), 1),
(10009289, 3258, 10004199, 'No', 'ACTIVE', 1, GETDATE(), 10009282, GETDATE(), 10009282, GETDATE(), 1),
(10009289, 3259, 10010301, 'No', 'ACTIVE', 1, GETDATE(), 10009282, GETDATE(), 10009282, GETDATE(), 1),
(10009289, 3260, 10004190, 'Yes', 'ACTIVE', 1, GETDATE(), 10009282, GETDATE(), 10009282, GETDATE(), 1),
(10009289, 3261, 10004209, 'No', 'ACTIVE', 1, GETDATE(), 10009282, GETDATE(), 10009282, GETDATE(), 1),
(10009289, 3262, 10004210, 'No', 'ACTIVE', 1, GETDATE(), 10009282, GETDATE(), 10009282, GETDATE(), 1),
(10009289, 3263, 10004208, 'No', 'ACTIVE', 1, GETDATE(), 10009282, GETDATE(), 10009282, GETDATE(), 1),
(10009289, 3264, 10004163, 'No', 'ACTIVE', 1, GETDATE(), 10009282, GETDATE(), 10009282, GETDATE(), 1),
(10009289, 3265, 10004192, 'Yes', 'ACTIVE', 1, GETDATE(), 10009282, GETDATE(), 10009282, GETDATE(), 1),
(10009289, 3266, 10004195, 'Yes', 'ACTIVE', 1, GETDATE(), 10009282, GETDATE(), 10009282, GETDATE(), 1),
(10009289, 3267, 10004155, 'No', 'ACTIVE', 1, GETDATE(), 10009282, GETDATE(), 10009282, GETDATE(), 1),
(10009289, 3268, 10004207, 'No', 'ACTIVE', 1, GETDATE(), 10009282, GETDATE(), 10009282, GETDATE(), 1),
(10009289, 3269, 10004205, 'No', 'ACTIVE', 1, GETDATE(), 10009282, GETDATE(), 10009282, GETDATE(), 1),
(10009289, 3270, 10001395, 'No', 'ACTIVE', 1, GETDATE(), 10009282, GETDATE(), 10009282, GETDATE(), 1),
(10009289, 3271, 10004198, 'Yes', 'ACTIVE', 1, GETDATE(), 10009282, GETDATE(), 10009282, GETDATE(), 1),
(10009289, 3272, 10004197, 'Yes', 'ACTIVE', 1, GETDATE(), 10009282, GETDATE(), 10009282, GETDATE(), 1),
(10009289, 3273, 10001380, 'Yes', 'ACTIVE', 1, GETDATE(), 10009282, GETDATE(), 10009282, GETDATE(), 1),
(10009289, 3274, 10001378, 'Yes', 'ACTIVE', 1, GETDATE(), 10009282, GETDATE(), 10009282, GETDATE(), 1),
(10009289, 3275, 10004189, 'Yes', 'ACTIVE', 1, GETDATE(), 10009282, GETDATE(), 10009282, GETDATE(), 1),
(10009289, 3276, 10001382, 'Yes', 'ACTIVE', 1, GETDATE(), 10009282, GETDATE(), 10009282, GETDATE(), 1),
(10009289, 3277, 10004238, 'No', 'ACTIVE', 1, GETDATE(), 10009282, GETDATE(), 10009282, GETDATE(), 1),
(10009289, 3278, 10005133, 'clerk', 'ACTIVE', 1, GETDATE(), 10009282, GETDATE(), 10009282, GETDATE(), 1),
(10009289, 3279, 10005132, 'Judicial law clerks [2105]', 'ACTIVE', 1, GETDATE(), 10009282, GETDATE(), 10009282, GETDATE(), 1),
(10009289, 3280, 10004149, 'Other', 'ACTIVE', 1, GETDATE(), 10009282, GETDATE(), 10009282, GETDATE(), 1),
(10009289, 3281, 10004150, 'Other', 'ACTIVE', 1, GETDATE(), 10009282, GETDATE(), 10009282, GETDATE(), 1),
(10009289, 3282, 10001384, 'No', 'ACTIVE', 1, GETDATE(), 10009282, GETDATE(), 10009282, GETDATE(), 1),
(10009289, 3283, 10001383, 'No', 'ACTIVE', 1, GETDATE(), 10009282, GETDATE(), 10009282, GETDATE(), 1),
(10009289, 3284, 10004212, 'No', 'ACTIVE', 1, GETDATE(), 10009282, GETDATE(), 10009282, GETDATE(), 1),
(10009289, 3285, 10004193, 'No', 'ACTIVE', 1, GETDATE(), 10009282, GETDATE(), 10009282, GETDATE(), 1),
(10009289, 3286, 10004159, 'No', 'ACTIVE', 1, GETDATE(), 10009282, GETDATE(), 10009282, GETDATE(), 1),
(10009289, 3287, 10004156, 'No', 'ACTIVE', 1, GETDATE(), 10009282, GETDATE(), 10009282, GETDATE(), 1),
(10009289, 3288, 10004152, 'No', 'ACTIVE', 1, GETDATE(), 10009282, GETDATE(), 10009282, GETDATE(), 1),
(10009289, 3289, 10001008, 'UNITED STATES', 'ACTIVE', 1, GETDATE(), 10009282, GETDATE(), 10009282, GETDATE(), 1),
(10009289, 3290, 10001009, 'Georgia', 'ACTIVE', 1, GETDATE(), 10009282, GETDATE(), 10009282, GETDATE(), 1),
(10009289, 3291, 10009148, 'Other', 'ACTIVE', 1, GETDATE(), 10009282, GETDATE(), 10009282, GETDATE(), 1),
(10009289, 3292, 10004166, 'Hamster', 'ACTIVE', 1, GETDATE(), 10009282, GETDATE(), 10009282, GETDATE(), 1),
(10009289, 3293, 10004188, '102.5', 'ACTIVE', 1, GETDATE(), 10009282, GETDATE(), 10009282, GETDATE(), 1),
(10009289, 3294, 10004141, '04/10/2026', 'ACTIVE', 1, GETDATE(), 10009282, GETDATE(), 10009282, GETDATE(), 1),
(10009289, 3295, 10004232, 'SPEC12345', 'ACTIVE', 1, GETDATE(), 10009282, GETDATE(), 10009282, GETDATE(), 1),
(10009289, 3296, 10004201, 'Yes', 'ACTIVE', 1, GETDATE(), 10009282, GETDATE(), 10009282, GETDATE(), 1),
(10009289, 3297, 10004202, 'Loss of appetite', 'ACTIVE', 1, GETDATE(), 10009282, GETDATE(), 10009282, GETDATE(), 1),
(10009289, 3298, 10004204, 'Yes', 'ACTIVE', 1, GETDATE(), 10009282, GETDATE(), 10009282, GETDATE(), 1),
(10009289, 3299, 10001010, 'Atlanta', 'ACTIVE', 1, GETDATE(), 10009282, GETDATE(), 10009282, GETDATE(), 1),
(10009289, 3300, 10001011, 'Fulton', 'ACTIVE', 1, GETDATE(), 10009282, GETDATE(), 10009282, GETDATE(), 1),
(10009289, 3301, 10004167, 'No', 'ACTIVE', 1, GETDATE(), 10009282, GETDATE(), 10009282, GETDATE(), 1),
(10009289, 3302, 10004169, 'No', 'ACTIVE', 1, GETDATE(), 10009282, GETDATE(), 10009282, GETDATE(), 1),
(10009289, 3303, 10004144, 'No', 'ACTIVE', 1, GETDATE(), 10009282, GETDATE(), 10009282, GETDATE(), 1),
(10009289, 3304, 10004145, '04/17/2026', 'ACTIVE', 1, GETDATE(), 10009282, GETDATE(), 10009282, GETDATE(), 1),
(10009289, 3305, 10004146, '04/20/2026', 'ACTIVE', 1, GETDATE(), 10009282, GETDATE(), 10009282, GETDATE(), 1),
(10009289, 3306, 1338, 'COVID Outbreak 2026', 'ACTIVE', 1, GETDATE(), 10009282, GETDATE(), 10009282, GETDATE(), 1);
SET IDENTITY_INSERT [dbo].[NBS_case_answer] OFF;

-- Legacy RDB Log
INSERT INTO RDB.dbo.DATAMART_REFRESH_ACTIVITY_LOG (STORED_PROCEDURE_NM, DATAMART_NM, DATAMART_ROW_COUNT, REFRESH_TIME)
VALUES ('SP_COVID_CASE_DATAMART', 'COVID_CASE_DATAMART', 0, '2000-01-01 00:00:00');

-----------------------------------------------------------------------
-- SECTION 3: SEEDING FOR MODERN ONLY (RDB_MODERN NRT/D TABLES)
-----------------------------------------------------------------------
-- Seed Metadata
IF NOT EXISTS (SELECT 1 FROM RDB_MODERN.DBO.NRT_SRTE_CONDITION_CODE WHERE CONDITION_CD = '11065')
BEGIN
INSERT INTO RDB_MODERN.DBO.NRT_SRTE_CONDITION_CODE (CONDITION_CD, NND_IND, REPORTABLE_MORBIDITY_IND, REPORTABLE_SUMMARY_IND, INVESTIGATION_FORM_CD)
VALUES ('11065', 'Y', 'Y', 'Y', 'PG_COVID-19_v1.1');
END

IF NOT EXISTS (SELECT 1 FROM RDB_MODERN.DBO.NRT_SRTE_JURISDICTION_CODE WHERE CODE = '130001')
BEGIN
INSERT INTO RDB_MODERN.DBO.NRT_SRTE_JURISDICTION_CODE (CODE, TYPE_CD, CODE_DESC_TXT, CODE_SHORT_DESC_TXT)
VALUES ('130001', 'JUR', 'Fulton County', 'Fulton County');
END

IF NOT EXISTS (SELECT 1 FROM RDB_MODERN.DBO.condition WHERE CONDITION_CD = '11065')
BEGIN
    INSERT INTO RDB_MODERN.DBO.condition (CONDITION_CD, CONDITION_SHORT_NM, DISEASE_GRP_CD, PROGRAM_AREA_CD, NND_IND, CONDITION_KEY)
    VALUES ('11065', '2019 Novel Coronavirus', 'PG_COVID-19_v1.1', 'GCD', 'Y', 11065);
END

INSERT INTO RDB_MODERN.DBO.NRT_SRTE_CODE_VALUE_GENERAL (CODE, CODE_SET_NM, CODE_SHORT_DESC_TXT)
VALUES ('CLIN_DIAG', 'PHC_CONF_M', 'Clinical diagnosis (non-laboratory confirmed)');

-- Seed Providers and Organizations for Legacy RDB
INSERT INTO RDB.DBO.D_PROVIDER (PROVIDER_UID, PROVIDER_KEY, PROVIDER_FIRST_NAME, PROVIDER_LAST_NAME, PROVIDER_PHONE_WORK, PROVIDER_PHONE_EXT_WORK)
VALUES 
(10009282, 10009282, 'Super', 'User', '555-1111', '123'),
(10009284, 10009284, 'John', 'Physician', '555-2222', '456'),
(10009285, 10009285, 'Jane', 'Reporter', '555-3333', '789');

INSERT INTO RDB.DBO.D_ORGANIZATION (ORGANIZATION_UID, ORGANIZATION_KEY, ORGANIZATION_NAME, ORGANIZATION_PHONE_WORK, ORGANIZATION_PHONE_EXT_WORK)
VALUES 
(10009286, 10009286, 'General Hospital', '555-4444', '000'),
(10009287, 10009287, 'Reporting Agency', '555-5555', '111');

-----------------------------------------------------------------------
-- SECTION 3: SEEDING FOR MODERN ONLY (RDB_MODERN NRT/D TABLES)
-----------------------------------------------------------------------
-- Seed Metadata
IF NOT EXISTS (SELECT 1 FROM RDB_MODERN.DBO.NRT_SRTE_CONDITION_CODE WHERE CONDITION_CD = '11065')
BEGIN
INSERT INTO RDB_MODERN.DBO.NRT_SRTE_CONDITION_CODE (CONDITION_CD, NND_IND, REPORTABLE_MORBIDITY_IND, REPORTABLE_SUMMARY_IND, INVESTIGATION_FORM_CD)
VALUES ('11065', 'Y', 'Y', 'Y', 'PG_COVID-19_v1.1');
END

IF NOT EXISTS (SELECT 1 FROM RDB_MODERN.DBO.NRT_SRTE_JURISDICTION_CODE WHERE CODE = '130001')
BEGIN
INSERT INTO RDB_MODERN.DBO.NRT_SRTE_JURISDICTION_CODE (CODE, TYPE_CD, CODE_DESC_TXT, CODE_SHORT_DESC_TXT)
VALUES ('130001', 'JUR', 'Fulton County', 'Fulton County');
END

IF NOT EXISTS (SELECT 1 FROM RDB_MODERN.DBO.condition WHERE CONDITION_CD = '11065')
BEGIN
    INSERT INTO RDB_MODERN.DBO.condition (CONDITION_CD, CONDITION_SHORT_NM, DISEASE_GRP_CD, PROGRAM_AREA_CD, NND_IND, CONDITION_KEY)
    VALUES ('11065', '2019 Novel Coronavirus', 'PG_COVID-19_v1.1', 'GCD', 'Y', 11065);
END

IF NOT EXISTS (SELECT 1 FROM RDB_MODERN.DBO.NRT_SRTE_CODE_VALUE_GENERAL WHERE CODE = 'CLIN_DIAG' AND CODE_SET_NM = 'PHC_CONF_M')
BEGIN
    INSERT INTO RDB_MODERN.DBO.NRT_SRTE_CODE_VALUE_GENERAL (CODE, CODE_SET_NM, CODE_SHORT_DESC_TXT)
    VALUES ('CLIN_DIAG', 'PHC_CONF_M', 'Clinical diagnosis (non-laboratory confirmed)');
END
-- Seed Providers and Organizations
INSERT INTO RDB_MODERN.DBO.D_PROVIDER (PROVIDER_UID, PROVIDER_KEY, PROVIDER_FIRST_NAME, PROVIDER_LAST_NAME, PROVIDER_PHONE_WORK, PROVIDER_PHONE_EXT_WORK)
VALUES 
(10009282, 10009282, 'Super', 'User', '555-1111', '123'),
(10009284, 10009284, 'John', 'Physician', '555-2222', '456'),
(10009285, 10009285, 'Jane', 'Reporter', '555-3333', '789');

INSERT INTO RDB_MODERN.DBO.D_ORGANIZATION (ORGANIZATION_UID, ORGANIZATION_KEY, ORGANIZATION_NAME, ORGANIZATION_PHONE_WORK, ORGANIZATION_PHONE_EXT_WORK)
VALUES 
(10009286, 10009286, 'General Hospital', '555-4444', '000'),
(10009287, 10009287, 'Reporting Agency', '555-5555', '111');

-- Seed NRT Data
INSERT INTO rdb_modern..NRT_INVESTIGATION (
    [public_health_case_uid], [jurisdiction_nm], [mood_cd], [class_cd], [case_class_cd], 
    [inv_case_status], [outbreak_name], [cd], [cd_desc_txt], [prog_area_cd], 
    [jurisdiction_cd], [pregnant_ind_cd], [pregnant_ind], [local_id], [rpt_form_cmplt_time], 
    [activity_from_time], [add_user_id], [add_user_name], [add_time], [last_chg_user_id], 
    [last_chg_user_name], [last_chg_time], [investigation_status_cd], [investigation_status], 
    [record_status_cd], [raw_record_status_cd], [shared_ind], [txt], [effective_from_time], 
    [effective_to_time], [rpt_source_cd], [rpt_src_cd_desc], [mmwr_week], [mmwr_year], 
    [diagnosis_time], [hospitalized_admin_time], [outbreak_ind], [outbreak_ind_val], 
    [hospitalized_ind_cd], [hospitalized_ind], [transmission_mode_cd], [transmission_mode], 
    [outcome_cd], [die_frm_this_illness_ind], [deceased_time], [pat_age_at_onset], 
    [pat_age_at_onset_unit_cd], [pat_age_at_onset_unit], [effective_duration_amt], 
    [effective_duration_unit_cd], [illness_duration_unit], [inv_priority_cd], 
    [record_status_time], [program_area_description], [investigation_form_cd]
) VALUES (
    10009289, 'Fulton County', 'EVN', 'CASE', 'C', 
    'Confirmed', 'COVID Outbreak 2026', '11065', '2019 Novel Coronavirus', 'GCD', 
    '130001', 'N', 'No', 'CAS10001000GA01', '2026-04-10 00:00:00.000', 
    '2026-04-24 00:00:00.000', 10009282, 'Kent, Ariella', '2026-04-24 23:15:09.197', 10009282, 
    'Kent, Ariella', '2030-01-01 00:00:00.000', 'O', 'Open', 
    'ACTIVE', 'OPEN', 'T', 'This is a sample investigation comment.', '2026-04-05 00:00:00.000', 
    '2026-04-20 00:00:00.000', 'OTH', 'OTH', '16', '2026', 
    '2026-04-12 00:00:00.000', '2026-04-17 00:00:00.000', 'Y', 'Yes', 
    'Y', 'Yes', 'A', 'Airborne', 'Y', 'Yes', 
    '2026-04-24 00:00:00.000', '36', 'Y', 'Years', '15', 
    'D', 'Days', '1', '2026-04-24 23:15:09.197', 'GCD', 'PG_COVID-19_v1.1'
);

INSERT INTO RDB_MODERN.DBO.INVESTIGATION (CASE_UID, INVESTIGATION_KEY, INV_LOCAL_ID, RECORD_STATUS_CD, JURISDICTION_CD, ADD_TIME, LAST_CHG_TIME, INV_STATE_CASE_ID, INV_RPT_DT, HSPTLIZD_IND, HSPTL_ADMISSION_DT, DIE_FRM_THIS_ILLNESS_IND, TRANSMISSION_MODE, INV_COMMENTS, INV_START_DT, INVESTIGATION_STATUS, INV_CASE_STATUS, CASE_RPT_MMWR_WK, CASE_RPT_MMWR_YR, LEGACY_CASE_ID, JURISDICTION_NM, PROGRAM_AREA_DESCRIPTION, DIAGNOSIS_DT, ILLNESS_ONSET_DT, ILLNESS_END_DT, ILLNESS_DURATION, ILLNESS_DURATION_UNIT, PATIENT_AGE_AT_ONSET, PATIENT_AGE_AT_ONSET_UNIT, PATIENT_PREGNANT_IND, INV_PRIORITY_CD, INVESTIGATION_DEATH_DATE, RPT_SRC_CD, OUTBREAK_NAME, OUTBREAK_IND)
VALUES (10009289, 10009289, 'CAS10001000GA01', 'ACTIVE', '130001', '2026-04-24T23:15:09.197', '2030-01-01T00:00:00.000', 'XYZ1234', '2026-04-10T00:00:00', 'Y', '2026-04-17T00:00:00', 'Y', 'A', 'This is a sample investigation comment.', '2026-04-24T00:00:00', 'OPEN', 'C', 16, 2026, '', 'Fulton County', 'GCD', '2026-04-12T00:00:00', '2026-04-05T00:00:00', '2026-04-20T00:00:00', 15, 'Days', 36, 'Years', 'No', '1', '2026-04-24T00:00:00', 'OTH', 'COVID Outbreak 2026', 'Y');

INSERT INTO RDB_MODERN.DBO.NRT_PATIENT (patient_uid, local_id, first_name, last_name, middle_name, record_status, status_name_cd, nm_use_cd, dob, age_reported, age_reported_unit, curr_sex_cd, deceased_ind_cd, deceased_date, marital_status, street_address_1, city, state, zip, county, country, phone_home, phone_work, phone_cell, email, ethnicity, race_calculated)
VALUES (10009283, 'PSN10063000GA01', 'Surma', 'Singh', 'J', 'ACTIVE', 'A', 'L', '1990-01-01T00:00:00', '36', 'Years', 'M', 'Yes', '2026-04-24T00:00:00', 'Married', '123 Main St.', 'Atlanta', 'Georgia', '30024', 'Gwinnett County', 'United States', '456-232-3222', '232-322-2222', '232-322-2222', 'fdsfs@dsds.com', 'Not Hispanic or Lati', 'Asian');

INSERT INTO RDB_MODERN.DBO.D_PATIENT (PATIENT_UID, PATIENT_KEY, PATIENT_LOCAL_ID, PATIENT_RECORD_STATUS, PATIENT_FIRST_NAME, PATIENT_LAST_NAME, PATIENT_MIDDLE_NAME, PATIENT_DOB, PATIENT_AGE_REPORTED, PATIENT_AGE_REPORTED_UNIT, PATIENT_CURRENT_SEX, PATIENT_DECEASED_INDICATOR, PATIENT_DECEASED_DATE, PATIENT_MARITAL_STATUS, PATIENT_STREET_ADDRESS_1, PATIENT_CITY, PATIENT_STATE, PATIENT_ZIP, PATIENT_COUNTY, PATIENT_COUNTRY, PATIENT_PHONE_HOME, PATIENT_PHONE_WORK, PATIENT_PHONE_CELL, PATIENT_EMAIL, PATIENT_ETHNICITY, PATIENT_RACE_CALCULATED)
VALUES (10009283, 10009283, 'PSN10063000GA01', 'ACTIVE', 'Surma', 'Singh', 'J', '1990-01-01T00:00:00', '36', 'Years', 'M', 'Yes', '2026-04-24T00:00:00', 'Married', '123 Main St.', 'Atlanta', 'Georgia', '30024', 'Gwinnett County', 'United States', '456-232-3222', '232-322-2222', '232-322-2222', 'fdsfs@dsds.com', 'Not Hispanic or Lati', 'Asian');

INSERT INTO RDB_MODERN.DBO.NRT_INVESTIGATION_NOTIFICATION (NOTIFICATION_UID, SOURCE_ACT_UID, PUBLIC_HEALTH_CASE_UID, NOTIF_ADD_TIME, RPT_SENT_TIME, NOTIF_LOCAL_ID)
VALUES (10009290, 10009289, 10009289, '2026-04-25T10:00:00', '2026-04-25T11:00:00', 'NOT10001000GA01');

INSERT INTO RDB_MODERN.DBO.NRT_INVESTIGATION_CONFIRMATION (PUBLIC_HEALTH_CASE_UID, CONFIRMATION_METHOD_CD, CONFIRMATION_METHOD_TIME)
VALUES (10009289, 'CLIN_DIAG', '2026-04-13T00:00:00');

INSERT INTO RDB_MODERN.DBO.NRT_PAGE_CASE_ANSWER (ACT_UID, NBS_CASE_ANSWER_UID, NBS_UI_METADATA_UID, NBS_RDB_METADATA_UID, NBS_QUESTION_UID, ANSWER_TXT, RECORD_STATUS_CD, INVESTIGATION_FORM_CD, answer_group_seq_nbr)
VALUES 
(10009289, 3241, 10004138, 10004138, 10004138, 'Clinical evaluation', 'ACTIVE', 'PG_COVID-19_v1.1', 1),
(10009289, 3242, 10010318, 10010318, 10010318, 'SARS-CoV-2 variant B.1.1.7 (501Y.V1)', 'ACTIVE', 'PG_COVID-19_v1.1', 1),
(10009289, 3243, 10006139, 10006139, 10006139, 'Yes', 'ACTIVE', 'PG_COVID-19_v1.1', 1),
(10009289, 3244, 10010298, 10010298, 10010298, 'No', 'ACTIVE', 'PG_COVID-19_v1.1', 1),
(10009289, 3245, 10004132, 10004132, 10004132, 'No', 'ACTIVE', 'PG_COVID-19_v1.1', 1),
(10009289, 3246, 10001159, 10001159, 10001159, 'Apartment', 'ACTIVE', 'PG_COVID-19_v1.1', 1),
(10009289, 3247, 10000006, 10000006, 10000006, 'Atlanta', 'ACTIVE', 'PG_COVID-19_v1.1', 1),
(10009289, 3250, 10001396, 10001396, 10001396, 'No', 'ACTIVE', 'PG_COVID-19_v1.1', 1),
(10009289, 3251, 10004182, 10004182, 10004182, 'Normal', 'ACTIVE', 'PG_COVID-19_v1.1', 1),
(10009289, 3252, 10004161, 10004161, 10004161, 'No', 'ACTIVE', 'PG_COVID-19_v1.1', 1),
(10009289, 3253, 10004160, 10004160, 10004160, 'No', 'ACTIVE', 'PG_COVID-19_v1.1', 1),
(10009289, 3254, 10001390, 10001390, 10001390, 'No', 'ACTIVE', 'PG_COVID-19_v1.1', 1),
(10009289, 3255, 10004165, 10004165, 10004165, 'No', 'ACTIVE', 'PG_COVID-19_v1.1', 1),
(10009289, 3256, 10004181, 10004181, 10004181, 'No', 'ACTIVE', 'PG_COVID-19_v1.1', 1),
(10009289, 3257, 10004164, 10004164, 10004164, 'No', 'ACTIVE', 'PG_COVID-19_v1.1', 1),
(10009289, 3258, 10004199, 10004199, 10004199, 'No', 'ACTIVE', 'PG_COVID-19_v1.1', 1),
(10009289, 3259, 10010301, 10010301, 10010301, 'No', 'ACTIVE', 'PG_COVID-19_v1.1', 1),
(10009289, 3260, 10004190, 10004190, 10004190, 'Yes', 'ACTIVE', 'PG_COVID-19_v1.1', 1),
(10009289, 3261, 10004209, 10004209, 10004209, 'No', 'ACTIVE', 'PG_COVID-19_v1.1', 1),
(10009289, 3262, 10004210, 10004210, 10004210, 'No', 'ACTIVE', 'PG_COVID-19_v1.1', 1),
(10009289, 3263, 10004208, 10004208, 10004208, 'No', 'ACTIVE', 'PG_COVID-19_v1.1', 1),
(10009289, 3264, 10004163, 10004163, 10004163, 'No', 'ACTIVE', 'PG_COVID-19_v1.1', 1),
(10009289, 3265, 10004192, 10004192, 10004192, 'Yes', 'ACTIVE', 'PG_COVID-19_v1.1', 1),
(10009289, 3266, 10004195, 10004195, 10004195, 'Yes', 'ACTIVE', 'PG_COVID-19_v1.1', 1),
(10009289, 3267, 10004155, 10004155, 10004155, 'No', 'ACTIVE', 'PG_COVID-19_v1.1', 1),
(10009289, 3268, 10004207, 10004207, 10004207, 'No', 'ACTIVE', 'PG_COVID-19_v1.1', 1),
(10009289, 3269, 10004205, 10004205, 10004205, 'No', 'ACTIVE', 'PG_COVID-19_v1.1', 1),
(10009289, 3270, 10001395, 10001395, 10001395, 'No', 'ACTIVE', 'PG_COVID-19_v1.1', 1),
(10009289, 3271, 10004198, 10004198, 10004198, 'Yes', 'ACTIVE', 'PG_COVID-19_v1.1', 1),
(10009289, 3272, 10004197, 10004197, 10004197, 'Yes', 'ACTIVE', 'PG_COVID-19_v1.1', 1),
(10009289, 3273, 10001380, 10001380, 10001380, 'Yes', 'ACTIVE', 'PG_COVID-19_v1.1', 1),
(10009289, 3274, 10001378, 10001378, 10001378, 'Yes', 'ACTIVE', 'PG_COVID-19_v1.1', 1),
(10009289, 3275, 10004189, 10004189, 10004189, 'Yes', 'ACTIVE', 'PG_COVID-19_v1.1', 1),
(10009289, 3276, 10001382, 10001382, 10001382, 'Yes', 'ACTIVE', 'PG_COVID-19_v1.1', 1),
(10009289, 3277, 10004238, 10004238, 10004238, 'No', 'ACTIVE', 'PG_COVID-19_v1.1', 1),
(10009289, 3278, 10005133, 10005133, 10005133, 'clerk', 'ACTIVE', 'PG_COVID-19_v1.1', 1),
(10009289, 3279, 10005132, 10005132, 10005132, 'Judicial law clerks [2105]', 'ACTIVE', 'PG_COVID-19_v1.1', 1),
(10009289, 3280, 10004149, 10004149, 10004149, 'Other', 'ACTIVE', 'PG_COVID-19_v1.1', 1),
(10009289, 3281, 10004150, 10004150, 10004150, 'Other', 'ACTIVE', 'PG_COVID-19_v1.1', 1),
(10009289, 3282, 10001384, 10001384, 10001384, 'No', 'ACTIVE', 'PG_COVID-19_v1.1', 1),
(10009289, 3283, 10001383, 10001383, 10001383, 'No', 'ACTIVE', 'PG_COVID-19_v1.1', 1),
(10009289, 3284, 10004212, 10004212, 10004212, 'No', 'ACTIVE', 'PG_COVID-19_v1.1', 1),
(10009289, 3285, 10004193, 10004193, 10004193, 'No', 'ACTIVE', 'PG_COVID-19_v1.1', 1),
(10009289, 3286, 10004159, 10004159, 10004159, 'No', 'ACTIVE', 'PG_COVID-19_v1.1', 1),
(10009289, 3287, 10004156, 10004156, 10004156, 'No', 'ACTIVE', 'PG_COVID-19_v1.1', 1),
(10009289, 3288, 10004152, 10004152, 10004152, 'No', 'ACTIVE', 'PG_COVID-19_v1.1', 1),
(10009289, 3289, 10001008, 10001008, 10001008, 'UNITED STATES', 'ACTIVE', 'PG_COVID-19_v1.1', 1),
(10009289, 3290, 10001009, 10001009, 10001009, 'Georgia', 'ACTIVE', 'PG_COVID-19_v1.1', 1),
(10009289, 3291, 10009148, 10009148, 10009148, 'Other', 'ACTIVE', 'PG_COVID-19_v1.1', 1),
(10009289, 3292, 10004166, 10004166, 10004166, 'Hamster', 'ACTIVE', 'PG_COVID-19_v1.1', 1),
(10009289, 3293, 10004188, 10004188, 10004188, '102.5', 'ACTIVE', 'PG_COVID-19_v1.1', 1),
(10009289, 3294, 10004141, 10004141, 10004141, '04/10/2026', 'ACTIVE', 'PG_COVID-19_v1.1', 1),
(10009289, 3295, 10004232, 10004232, 10004232, 'SPEC12345', 'ACTIVE', 'PG_COVID-19_v1.1', 1),
(10009289, 3296, 10004201, 10004201, 10004201, 'Yes', 'ACTIVE', 'PG_COVID-19_v1.1', 1),
(10009289, 3297, 10004202, 10004202, 10004202, 'Loss of appetite', 'ACTIVE', 'PG_COVID-19_v1.1', 1),
(10009289, 3298, 10004204, 10004204, 10004204, 'Yes', 'ACTIVE', 'PG_COVID-19_v1.1', 1),
(10009289, 3299, 10001010, 10001010, 10001010, 'Atlanta', 'ACTIVE', 'PG_COVID-19_v1.1', 1),
(10009289, 3300, 10001011, 10001011, 10001011, 'Fulton', 'ACTIVE', 'PG_COVID-19_v1.1', 1),
(10009289, 3301, 10004167, 10004167, 10004167, 'No', 'ACTIVE', 'PG_COVID-19_v1.1', 1),
(10009289, 3302, 10004169, 10004169, 10004169, 'No', 'ACTIVE', 'PG_COVID-19_v1.1', 1),
(10009289, 3303, 10004144, 10004144, 10004144, 'No', 'ACTIVE', 'PG_COVID-19_v1.1', 1),
(10009289, 3304, 10004145, 10004145, 10004145, '04/17/2026', 'ACTIVE', 'PG_COVID-19_v1.1', 1),
(10009289, 3305, 10004146, 10004146, 10004146, '04/20/2026', 'ACTIVE', 'PG_COVID-19_v1.1', 1),
(10009289, 3306, 1338, 1338, 1338, 'COVID Outbreak 2026', 'ACTIVE', 'PG_COVID-19_v1.1', 1);
